id,activityId,startTime,endTime,duration,note
22976753,821890,2020-08-17T14:07:18.190,2020-08-17T14:18:02.172,0 days 00:10:43.982000,
22981086,821890,2020-08-17T14:48:26.773,2020-08-17T14:56:48.585,0 days 00:08:21.812000,
22986274,821890,2020-08-17T15:58:30.249,2020-08-17T16:06:33.898,0 days 00:08:03.649000,
22990058,821890,2020-08-17T16:59:21.904,2020-08-17T17:10:21.904,0 days 00:11:00,
22998718,821890,2020-08-17T19:51:17.327,2020-08-17T19:58:59.404,0 days 00:07:42.077000,
23037085,821890,2020-08-18T13:39:27.799,2020-08-18T13:56:08.592,0 days 00:16:40.793000,
23049331,821890,2020-08-18T16:18:57.366,2020-08-18T16:43:20.935,0 days 00:24:23.569000,
23053118,821890,2020-08-18T17:27:58.029,2020-08-18T17:35:43.707,0 days 00:07:45.678000,
23062875,821890,2020-08-18T20:57:24.318,2020-08-18T21:05:14.908,0 days 00:07:50.590000,
23096014,821890,2020-08-19T13:24:17.137,2020-08-19T13:47:01.918,0 days 00:22:44.781000,
23103856,821890,2020-08-19T15:06:39.258,2020-08-19T15:19:09.070,0 days 00:12:29.812000,
23108707,821890,2020-08-19T16:20:28.644,2020-08-19T16:33:34.300,0 days 00:13:05.656000,
23110739,821890,2020-08-19T16:57:20.038,2020-08-19T17:15:23.096,0 days 00:18:03.058000,
23112853,821890,2020-08-19T17:40:40.340,2020-08-19T18:18:26.478,0 days 00:37:46.138000,
23153925,821890,2020-08-20T13:27:09.243,2020-08-20T13:57:18.937,0 days 00:30:09.694000,
23160977,821890,2020-08-20T15:03:13.560,2020-08-20T15:16:29.215,0 days 00:13:15.655000,
23166075,821890,2020-08-20T16:28:17.825,2020-08-20T16:40:46.186,0 days 00:12:28.361000,
23169817,821890,2020-08-20T17:40:05.273,2020-08-20T18:20:03.023,0 days 00:39:57.750000,
23283507,821890,2020-08-24T13:41:24.104,2020-08-24T13:59:59.381,0 days 00:18:35.277000,
23296868,821890,2020-08-24T16:33:58.357,2020-08-24T17:09:54.613,0 days 00:35:56.256000,
23357672,821890,2020-08-25T15:44:31.453,2020-08-25T15:56:54.032,0 days 00:12:22.579000,
23362303,821890,2020-08-25T16:55:33.047,2020-08-25T17:04:09.326,0 days 00:08:36.279000,
23372403,821890,2020-08-25T20:16:36.425,2020-08-25T20:28:29.471,0 days 00:11:53.046000,
23739008,821890,2020-09-02T16:14:34.878,2020-09-02T16:37:10.841,0 days 00:22:35.963000,
23754316,821890,2020-09-02T21:25:29.725,2020-09-02T21:34:32.277,0 days 00:09:02.552000,
23971387,821890,2020-09-08T15:10:20.097,2020-09-08T15:15:05.136,0 days 00:04:45.039000,
23976955,821890,2020-09-08T16:27:23.060,2020-09-08T17:00:57.708,0 days 00:33:34.648000,
24038741,821890,2020-09-09T15:30:49.223,2020-09-09T15:33:11.059,0 days 00:02:21.836000,
24041513,821890,2020-09-09T16:09:01.860,2020-09-09T17:10:54.115,0 days 01:01:52.255000,
24385262,821890,2020-09-16T18:39:51.365,2020-09-16T19:01:23.223,0 days 00:21:31.858000,
24390762,821890,2020-09-16T20:35:12.088,2020-09-16T20:51:10.755,0 days 00:15:58.667000,
24394581,821890,2020-09-16T22:13:14.736,2020-09-16T22:34:25.222,0 days 00:21:10.486000,
24441039,821890,2020-09-17T16:10:19.930,2020-09-17T17:29:52.408,0 days 01:19:32.478000,
24576461,821890,2020-09-21T15:00:53.578,2020-09-21T15:55:28.641,0 days 00:54:35.063000,
24591132,821890,2020-09-21T18:33:30.181,2020-09-21T19:33:23.051,0 days 00:59:52.870000,
24600605,821890,2020-09-21T21:49:17.286,2020-09-21T21:53:25.561,0 days 00:04:08.275000,
24601668,821890,2020-09-21T22:20:45.630,2020-09-21T22:40:48.074,0 days 00:20:02.444000,
24639812,821890,2020-09-22T13:52:07.087,2020-09-22T14:04:33.860,0 days 00:12:26.773000,
24650236,821890,2020-09-22T15:55:37.532,2020-09-22T16:01:56.746,0 days 00:06:19.214000,
24653459,821890,2020-09-22T16:45:00.854,2020-09-22T16:59:09.943,0 days 00:14:09.089000,
24664419,821890,2020-09-22T20:03:41.837,2020-09-22T20:31:01.304,0 days 00:27:19.467000,
24667865,821890,2020-09-22T21:28:46.570,2020-09-22T22:00:28.426,0 days 00:31:41.856000,
24734300,821890,2020-09-23T21:02:59.797,2020-09-23T22:00:07.767,0 days 00:57:07.970000,
24791153,821890,2020-09-24T17:56:34.598,2020-09-24T18:23:44.346,0 days 00:27:09.748000,
24846024,821890,2020-09-25T16:29:28.570,2020-09-25T16:38:10.413,0 days 00:08:41.843000,
24929106,821890,2020-09-28T16:01:11.152,2020-09-28T17:10:14.041,0 days 01:09:02.889000,
24942241,821890,2020-09-28T19:34:29.463,2020-09-28T19:51:08.576,0 days 00:16:39.113000,
24944764,821890,2020-09-28T20:25:38.115,2020-09-28T20:48:00.673,0 days 00:22:22.558000,
24949455,821890,2020-09-28T22:20:44.002,2020-09-28T22:30:36.311,0 days 00:09:52.309000,
24997884,821890,2020-09-29T15:56:48.173,2020-09-29T16:30:16.404,0 days 00:33:28.231000,
25202012,821890,2020-10-02T17:23:58.308,2020-10-02T17:55:06.225,0 days 00:31:07.917000,
25281692,821890,2020-10-05T15:00:23.109,2020-10-05T15:28:13.090,0 days 00:27:49.981000,
25288526,821890,2020-10-05T16:19:17.065,2020-10-05T16:27:05.489,0 days 00:07:48.424000,
25297150,821890,2020-10-05T18:24:50.347,2020-10-05T18:46:11.395,0 days 00:21:21.048000,
25300389,821890,2020-10-05T19:21:30.393,2020-10-05T19:35:50.364,0 days 00:14:19.971000,
25358094,821890,2020-10-06T15:24:27.509,2020-10-06T15:32:16.932,0 days 00:07:49.423000,
25367054,821890,2020-10-06T17:30:48.802,2020-10-06T18:00:06.791,0 days 00:29:17.989000,
25379677,821890,2020-10-06T21:34:16.471,2020-10-06T21:45:16.000,0 days 00:10:59.529000,
25436227,821890,2020-10-07T17:05:59.306,2020-10-07T17:13:13.037,0 days 00:07:13.731000,
25447533,821890,2020-10-07T20:37:06.395,2020-10-07T20:59:43.745,0 days 00:22:37.350000,
25488801,821890,2020-10-08T13:25:25.084,2020-10-08T14:23:23.415,0 days 00:57:58.331000,
25502467,821890,2020-10-08T16:04:17.682,2020-10-08T16:30:12.645,0 days 00:25:54.963000,
25508255,821890,2020-10-08T17:31:17.592,2020-10-08T18:38:00.563,0 days 01:06:42.971000,
25562692,821890,2020-10-09T15:23:35.921,2020-10-09T15:31:25.130,0 days 00:07:49.209000,
25574615,821890,2020-10-09T19:25:13.773,2020-10-09T19:42:41.475,0 days 00:17:27.702000,
25652879,821890,2020-10-12T15:42:16.901,2020-10-12T15:53:26.593,0 days 00:11:09.692000,
25657844,821890,2020-10-12T16:46:40.587,2020-10-12T17:06:09.694,0 days 00:19:29.107000,
25670373,821890,2020-10-12T20:45:23.538,2020-10-12T20:47:07.288,0 days 00:01:43.750000,
25670440,821890,2020-10-12T20:47:09.823,2020-10-12T20:59:01.184,0 days 00:11:51.361000,
25714147,821890,2020-10-13T13:46:07.843,2020-10-13T14:03:27.695,0 days 00:17:19.852000,
25725409,821890,2020-10-13T15:49:25.132,2020-10-13T16:08:20.467,0 days 00:18:55.335000,
25727875,821890,2020-10-13T16:23:59.028,2020-10-13T16:46:31.851,0 days 00:22:32.823000,
25794534,821890,2020-10-14T15:09:15.764,2020-10-14T15:16:09.640,0 days 00:06:53.876000,
25820935,821890,2020-10-15T00:14:19.014,2020-10-15T00:51:09.268,0 days 00:36:50.254000,
25822104,821890,2020-10-15T01:49:39.893,2020-10-15T02:01:44.748,0 days 00:12:04.855000,
25856400,821890,2020-10-15T13:48:26.087,2020-10-15T13:51:31.688,0 days 00:03:05.601000,
25861235,821890,2020-10-15T14:42:26.692,2020-10-15T14:45:39.620,0 days 00:03:12.928000,
25868078,821890,2020-10-15T16:00:42.290,2020-10-15T16:07:31.891,0 days 00:06:49.601000,
25803628,821886,2020-10-14T17:11:58.343,2020-10-14T18:25:51.285,0 days 01:13:52.942000,
24107315,821895,2020-09-10T17:18:01.137,2020-09-10T18:33:16.969,0 days 01:15:15.832000,<{{|t|255982|}}>  <{{|t|255981|}}>  Validation
24263010,821895,2020-09-14T23:15:08.627,2020-09-15T00:14:37.619,0 days 00:59:28.992000,<{{|t|256027|}}>  <{{|t|255981|}}>  PBE report validation
24308051,821895,2020-09-15T15:33:36.158,2020-09-15T15:47:53.213,0 days 00:14:17.055000,<{{|t|256027|}}>  <{{|t|255981|}}>  PBE report fixes
24332596,821895,2020-09-16T01:38:56.331,2020-09-16T01:54:07.892,0 days 00:15:11.561000,<{{|t|255982|}}>  <{{|t|255981|}}>   Creating treatment reasons mappings
24332814,821895,2020-09-16T01:58:48.722,2020-09-16T02:26:51.342,0 days 00:28:02.620000,<{{|t|256027|}}>  <{{|t|255981|}}>  PBE report validation
24396853,821895,2020-09-17T00:08:51.189,2020-09-17T02:30:18.995,0 days 02:21:27.806000,<{{|t|255982|}}> <{{|t|255981|}}>
24594412,821895,2020-09-21T19:33:47.346,2020-09-21T21:49:16.423,0 days 02:15:29.077000,<{{|t|274493|}}>  <{{|t|255981|}}>  Greenway collections validation
24600764,821895,2020-09-21T21:53:25.561,2020-09-21T22:20:43.197,0 days 00:27:17.636000,<{{|t|274493|}}>  <{{|t|255981|}}>  Greenway collections validation
24641039,821895,2020-09-22T14:04:34.041,2020-09-22T15:55:36.625,0 days 01:51:02.584000,<{{|t|274493|}}>  <{{|t|255981|}}>  working on greenway charges validation
24652025,821895,2020-09-22T16:20:54.010,2020-09-22T16:44:59.902,0 days 00:24:05.892000,<{{|t|274493|}}>  <{{|t|255981|}}>  greenway collections
24656539,821895,2020-09-22T17:30:20.361,2020-09-22T18:20:19.747,0 days 00:49:59.386000,<{{|t|274493|}}>  <{{|t|255981|}}>  Greenway charges validation
24659082,821895,2020-09-22T18:21:51.867,2020-09-22T20:03:41.189,0 days 01:41:49.322000,<{{|t|274493|}}>  <{{|t|255981|}}>  Greenway charges validation
24715169,821895,2020-09-23T15:00:44.455,2020-09-23T15:30:44.455,0 days 00:30:00,<{{|t|274493|}}>  <{{|t|255981|}}>  Greenway charges validation
24716651,821895,2020-09-23T15:42:47.904,2020-09-23T16:00:54.896,0 days 00:18:06.992000,<{{|t|274493|}}>  <{{|t|255981|}}>  Greenway charges
24730385,821895,2020-09-23T19:34:02.061,2020-09-23T21:02:59.797,0 days 01:28:57.736000,<{{|t|274493|}}>  <{{|t|255981|}}>  Greenway charges validation
24739354,821895,2020-09-24T00:27:11.712,2020-09-24T02:39:29.856,0 days 02:12:18.144000,<{{|t|274493|}}>  <{{|t|255981|}}>  GW charges
24768966,821895,2020-09-24T11:30:20.943,2020-09-24T12:01:00.956,0 days 00:30:40.013000,<{{|t|274493|}}>  <{{|t|255981|}}>  summarizing GW collections research to share
24803487,821895,2020-09-24T22:48:20.388,2020-09-25T00:23:24.180,0 days 01:35:03.792000,<{{|t|274493|}}>  <{{|t|255981|}}>  GW collections
24840511,821895,2020-09-25T15:03:16.724,2020-09-25T15:29:32.268,0 days 00:26:15.544000,<{{|t|274493|}}>  <{{|t|255981|}}>  GW charges
24846488,821895,2020-09-25T16:38:11.634,2020-09-25T17:22:27.730,0 days 00:44:16.096000,<{{|t|274493|}}>  <{{|t|255981|}}>  GW collections
24854153,821895,2020-09-25T19:33:00.697,2020-09-25T20:14:46.138,0 days 00:41:45.441000,<{{|t|274493|}}>  <{{|t|255981|}}>  GW collections
24856148,821895,2020-09-25T20:28:07.422,2020-09-25T21:00:07.136,0 days 00:31:59.714000,<{{|t|274493|}}>  <{{|t|255981|}}>  GW collections
24939236,821895,2020-09-28T18:41:07.339,2020-09-28T19:34:29.463,0 days 00:53:22.124000,<{{|t|274493|}}>  <{{|t|255981|}}>  Greenway collections
24943048,821895,2020-09-28T19:51:09.213,2020-09-28T20:25:37.512,0 days 00:34:28.299000,<{{|t|274493|}}>  <{{|t|255981|}}>  GW collections
25143517,821895,2020-10-01T18:10:41.367,2020-10-01T18:27:40.550,0 days 00:16:59.183000,<{{|t|256027|}}>  <{{|t|255981|}}>  uploading and validating planning report
25200080,821895,2020-10-02T16:47:51.932,2020-10-02T17:23:58.308,0 days 00:36:06.376000,<{{|t|255982|}}>  <{{|t|255981|}}>  ETL validation for daily flash
25203546,821895,2020-10-02T17:55:06.225,2020-10-02T18:00:51.976,0 days 00:05:45.751000,<{{|t|255982|}}>  <{{|t|255981|}}>  ETL validation
25207986,821895,2020-10-02T19:43:20.009,2020-10-02T20:01:54.994,0 days 00:18:34.985000,<{{|t|255982|}}>  <{{|t|255981|}}>  dashboard and ETL validation
25209630,821895,2020-10-02T20:24:48.964,2020-10-02T21:06:06.912,0 days 00:41:17.948000,<{{|t|255982|}}>  <{{|t|255981|}}>  ETL validation
25226238,821895,2020-10-04T00:51:11.404,2020-10-04T01:04:11.792,0 days 00:13:00.388000,<{{|t|256027|}}>  <{{|t|255981|}}>  Planning report changes
25270710,821895,2020-10-05T13:04:43.776,2020-10-05T13:34:07.966,0 days 00:29:24.190000,<{{|t|255982|}}>  <{{|t|255981|}}>  dashboard validation
25284237,821895,2020-10-05T15:28:13.294,2020-10-05T16:19:17.065,0 days 00:51:03.771000,<{{|t|255982|}}>  <{{|t|255981|}}>  Power BI dashboard validation
25289000,821895,2020-10-05T16:27:05.711,2020-10-05T18:05:34.501,0 days 01:38:28.790000,<{{|t|255982|}}> <{{|t|255981|}}> Analysis services model validation
25298356,821895,2020-10-05T18:46:11.670,2020-10-05T19:02:34.856,0 days 00:16:23.186000,<{{|t|274493|}}>  <{{|t|255981|}}> greenway payments validation
25301119,821895,2020-10-05T19:35:50.618,2020-10-05T19:55:25.725,0 days 00:19:35.107000,<{{|t|255982|}}> <{{|t|255981|}}> metric validation
25308335,821895,2020-10-05T22:14:50.416,2020-10-05T22:29:16.487,0 days 00:14:26.071000,<{{|t|274493|}}>  <{{|t|255981|}}>  access troubleshooting model
25348430,821895,2020-10-06T13:40:51.201,2020-10-06T13:52:59.580,0 days 00:12:08.379000,<{{|t|255982|}}> <{{|t|255981|}}> daily flash validation
25351171,821895,2020-10-06T14:09:01.328,2020-10-06T14:37:04.876,0 days 00:28:03.548000,<{{|t|255982|}}>  <{{|t|255981|}}>  daily flash validation
25514822,821895,2020-10-08T19:20:43.145,2020-10-08T19:36:02.868,0 days 00:15:19.723000,<{{|t|256027|}}>  <{{|t|255981|}}>  Access troubleshooting for new report workspace
25715920,821895,2020-10-13T14:03:27.889,2020-10-13T14:42:47.325,0 days 00:39:19.436000,<{{|t|256027|}}>  <{{|t|255981|}}>  Deploying planning report bug fixes to dev/test environment
25726886,821895,2020-10-13T16:08:20.755,2020-10-13T16:23:58.428,0 days 00:15:37.673000,<{{|t|256027|}}>  <{{|t|255981|}}>  planning report filter implementation
25729291,821895,2020-10-13T16:46:32.548,2020-10-13T18:19:34.333,0 days 01:33:01.785000,<{{|t|256027|}}>  <{{|t|255981|}}>  Planning report filter error fix
25819373,821895,2020-10-14T22:56:39.873,2020-10-15T00:14:18.101,0 days 01:17:38.228000,<{{|t|255982|}}>  <{{|t|255981|}}>  Validation of RT and New Starts actuals
25821421,821895,2020-10-15T00:51:09.555,2020-10-15T01:49:38.999,0 days 00:58:29.444000,<{{|t|255982|}}>  <{{|t|255981|}}>  model validation RT and new starts
25857898,821895,2020-10-15T13:51:31.688,2020-10-15T14:42:25.843,0 days 00:50:54.155000,<{{|t|255982|}}>  <{{|t|255981|}}>  model validation
25862355,821895,2020-10-15T14:45:39.620,2020-10-15T14:56:20.098,0 days 00:10:40.478000,<{{|t|255982|}}>  <{{|t|255981|}}>  model validation
25864330,821895,2020-10-15T15:16:49.959,2020-10-15T15:51:15.298,0 days 00:34:25.339000,<{{|t|255982|}}>  <{{|t|255981|}}>  model validation
25883433,821895,2020-10-15T20:31:57.697,2020-10-15T20:56:00.103,0 days 00:24:02.406000,<{{|t|256027|}}>  <{{|t|255981|}}>  TRA planning report fix wrap up
22971475,821893,2020-08-17T13:00:13.264,2020-08-17T13:15:24.209,0 days 00:15:10.945000,Putting together ION mappings for Ryan <{{|t|255981|}}>  <{{|t|255982|}}>
22973213,821893,2020-08-17T13:24:15.808,2020-08-17T13:44:04.985,0 days 00:19:49.177000,Putting together ION mappings for Ryan <{{|t|255981|}}>  <{{|t|255982|}}>
22974697,821893,2020-08-17T13:44:05.845,2020-08-17T14:07:17.055,0 days 00:23:11.210000,Microban bug fixing <{{|t|256027|}}>  <{{|t|255981|}}>
22977712,821893,2020-08-17T14:18:02.779,2020-08-17T14:48:25.812,0 days 00:30:23.033000,Microban bug fixing <{{|t|255981|}}>  <{{|t|256027|}}>
22981755,821893,2020-08-17T14:56:48.880,2020-08-17T14:59:49.328,0 days 00:03:00.448000,Microban bug fixing <{{|t|255981|}}>  <{{|t|256027|}}>
22984431,821893,2020-08-17T15:31:41.645,2020-08-17T15:58:29.307,0 days 00:26:47.662000,Barr Microban bug fixing <{{|t|256027|}}>  <{{|t|255981|}}>
22986888,821893,2020-08-17T16:06:34.207,2020-08-17T16:13:23.482,0 days 00:06:49.275000,Reviewing ION mappings for Ryan <{{|t|255982|}}>  <{{|t|255981|}}>
22987227,821893,2020-08-17T16:13:25.981,2020-08-17T16:59:21.000,0 days 00:45:55.019000,Barr Microban bug fixing <{{|t|256027|}}>  <{{|t|255981|}}>
22991840,821893,2020-08-17T17:10:45.130,2020-08-17T17:37:13.925,0 days 00:26:28.795000,Barr Microban bug fix <{{|t|256027|}}>  <{{|t|255981|}}>
23147792,821893,2020-08-20T11:56:47.287,2020-08-20T12:07:51.291,0 days 00:11:04.004000,ION facility dimension research <{{|t|255982|}}>  <{{|t|255981|}}>
24038967,821893,2020-09-09T15:33:11.757,2020-09-09T16:09:01.057,0 days 00:35:49.300000,<{{|t|255982|}}>  <{{|t|255981|}}>  researching Chemo/HEME mappings
25349543,821893,2020-10-06T13:53:00.347,2020-10-06T14:09:01.121,0 days 00:16:00.774000,<{{|t|274493|}}> <{{|t|255981|}}> greenway collections analysis
25383696,821893,2020-10-06T21:45:16.000,2020-10-07T00:15:00.000,0 days 02:29:44,<{{|t|274493|}}> <{{|t|255981|}}> greenway collections
25417394,821893,2020-10-07T13:19:58.939,2020-10-07T13:28:59.760,0 days 00:09:00.821000,<{{|t|255982|}}>  <{{|t|255981|}}>  data factory maintenance
25427242,821893,2020-10-07T15:08:27.703,2020-10-07T17:05:58.686,0 days 01:57:30.983000,<{{|t|274493|}}> <{{|t|255981|}}> greenway payments
25514837,821893,2020-10-08T19:36:07.312,2020-10-08T20:12:45.979,0 days 00:36:38.667000,<{{|t|274493|}}>  <{{|t|255981|}}>  User Access troubleshooting
25518789,821893,2020-10-08T21:09:21.117,2020-10-08T21:40:41.953,0 days 00:31:20.836000,<{{|t|274493|}}>  <{{|t|255981|}}>  User access troubleshooting/testing
25519938,821893,2020-10-08T21:45:42.293,2020-10-08T22:01:42.342,0 days 00:16:00.049000,<{{|t|274493|}}>  <{{|t|255981|}}>  User access troubleshooting
25603817,821893,2020-10-12T01:52:06.338,2020-10-12T02:30:34.422,0 days 00:38:28.084000,<{{|t|274493|}}>  <{{|t|255981|}}>  Nightly ETL error research
25663260,821893,2020-10-12T18:21:07.189,2020-10-12T20:45:15.290,0 days 02:24:08.101000,<{{|t|256027|}}>  <{{|t|255981|}}>  Microban revenue report bug research
25673369,821893,2020-10-12T22:01:05.966,2020-10-12T22:26:06.724,0 days 00:25:00.758000,<{{|t|255981|}}>  <{{|t|256027|}}>  Planning report bug research
25676715,821893,2020-10-13T00:28:02.329,2020-10-13T01:40:02.051,0 days 01:11:59.722000,<{{|t|255981|}}>  <{{|t|256027|}}>  Planning report bug research
25719531,821893,2020-10-13T14:42:47.960,2020-10-13T15:49:24.276,0 days 01:06:36.316000,<{{|t|255981|}}>  <{{|t|256027|}}>  Planning report bug discovery
25822358,821893,2020-10-15T02:16:32.969,2020-10-15T03:06:52.729,0 days 00:50:19.760000,<{{|t|255982|}}>   <{{|t|255981|}}>  Setting up automated analysis services refesh
23619597,821890,2020-08-31T19:15:59.276,2020-08-31T19:51:13.896,0 days 00:35:14.620000,Chat with Carlos
23746443,821890,2020-09-02T18:27:12.461,2020-09-02T19:04:00.758,0 days 00:36:48.297000,Dunkin break
23754961,821890,2020-09-02T21:45:15.506,2020-09-02T21:58:42.344,0 days 00:13:26.838000,chatting with Carlos
24311492,821890,2020-09-15T16:23:41.164,2020-09-15T16:49:32.436,0 days 00:25:51.272000,lunch
25735152,821890,2020-10-13T18:19:36.688,2020-10-13T19:46:10.776,0 days 01:26:34.088000,<{{|t|468797|}}>
25817450,821890,2020-10-14T20:10:00.000,2020-10-14T21:10:00.000,0 days 01:00:00,<{{|t|468797|}}>
25873989,821890,2020-10-15T17:35:08.800,2020-10-15T18:50:21.461,0 days 01:15:12.661000,<{{|t|468797|}}>
25931427,821890,2020-10-16T14:30:00.000,2020-10-16T15:30:00.000,0 days 01:00:00,chatting with Carlos
22992235,821889,2020-08-17T17:38:18.701,2020-08-17T19:00:33.704,0 days 01:22:15.003000,PBE Barr brand dimension ETL developmet scoping and dashboard change requests  <{{|t|255981|}}>  <{{|t|256027|}}>
23001351,821889,2020-08-17T20:56:21.622,2020-08-17T21:20:59.378,0 days 00:24:37.756000,Barr PBE dashboard change <{{|t|256027|}}>  <{{|t|255981|}}>
23069204,821889,2020-08-19T02:00:45.078,2020-08-19T02:58:14.875,0 days 00:57:29.797000,Developing ETL to bring in brand dimension <{{|t|256027|}}>  <{{|t|255981|}}>
23104753,821889,2020-08-19T15:19:09.390,2020-08-19T16:20:27.571,0 days 01:01:18.181000,PBE Dashboard changes <{{|t|256027|}}>  <{{|t|255981|}}>
23109427,821889,2020-08-19T16:33:34.570,2020-08-19T16:57:19.109,0 days 00:23:44.539000,PBE dashboard changes <{{|t|255981|}}>  <{{|t|256027|}}>
23114659,821889,2020-08-19T18:18:28.058,2020-08-19T18:30:10.894,0 days 00:11:42.836000,ION facility and service line dimension mapping <{{|t|255982|}}>  <{{|t|255981|}}>
23117063,821889,2020-08-19T19:13:01.239,2020-08-19T20:40:58.689,0 days 01:27:57.450000,ION facility mapping research <{{|t|255982|}}>  <{{|t|255981|}}>
23156244,821889,2020-08-20T13:57:19.247,2020-08-20T15:03:12.679,0 days 01:05:53.432000,Implementing service line mappings <{{|t|255982|}}>  <{{|t|255981|}}>
23161888,821889,2020-08-20T15:16:29.500,2020-08-20T15:27:34.026,0 days 00:11:04.526000,Facility dimension research <{{|t|255982|}}>  <{{|t|255981|}}>
23166761,821889,2020-08-20T16:40:46.448,2020-08-20T17:40:04.349,0 days 00:59:17.901000,ION facility mappings <{{|t|255982|}}>  <{{|t|255981|}}>
23173437,821889,2020-08-20T18:20:28.610,2020-08-20T19:05:18.589,0 days 00:44:49.979000,Working on service line mappings for <{{|t|255982|}}>  <{{|t|255981|}}>
23174831,821889,2020-08-20T19:24:02.390,2020-08-20T19:49:38.111,0 days 00:25:35.721000,ION mappings <{{|t|255982|}}>  <{{|t|255981|}}>
23176394,821889,2020-08-20T20:01:36.907,2020-08-20T20:28:40.484,0 days 00:27:03.577000,Barr PBE dashboard development <{{|t|256027|}}>  <{{|t|255981|}}>
23252920,821889,2020-08-24T02:24:17.060,2020-08-24T03:11:52.754,0 days 00:47:35.694000,Barr PBE dashboard developement <{{|t|256027|}}>  <{{|t|255981|}}>
23281994,821889,2020-08-24T13:24:51.925,2020-08-24T13:41:23.098,0 days 00:16:31.173000,Barr PBE dashboard changes <{{|t|256027|}}>  <{{|t|255981|}}>
23295920,821889,2020-08-24T16:18:54.315,2020-08-24T16:33:55.929,0 days 00:15:01.614000,Dashboard changes <{{|t|256027|}}>  <{{|t|255981|}}>
23357193,821889,2020-08-25T15:37:14.737,2020-08-25T15:44:30.547,0 days 00:07:15.810000,<{{|t|255982|}}>  <{{|t|255981|}}>  getting ready for meeting
23361888,821889,2020-08-25T16:48:10.678,2020-08-25T16:55:32.085,0 days 00:07:21.407000,<{{|t|255982|}}>  <{{|t|255981|}}>  Facility mappings
23362870,821889,2020-08-25T17:04:09.589,2020-08-25T18:00:12.400,0 days 00:56:02.811000,<{{|t|255982|}}>  <{{|t|255981|}}>  Rework facility mappings
23367817,821889,2020-08-25T18:39:53.034,2020-08-25T19:08:47.488,0 days 00:28:54.454000,<{{|t|256027|}}>  <{{|t|255981|}}>  Making dashboard changes to PBE
23369300,821889,2020-08-25T19:08:49.407,2020-08-25T20:03:26.253,0 days 00:54:36.846000,<{{|t|255982|}}>  <{{|t|255981|}}>  facility mappings work
23371838,821889,2020-08-25T20:03:44.183,2020-08-25T20:16:35.421,0 days 00:12:51.238000,<{{|t|256027|}}>  <{{|t|255981|}}>  connecting report to production database
23378458,821889,2020-08-25T23:40:30.041,2020-08-26T00:13:03.818,0 days 00:32:33.777000,<{{|t|256027|}}>  <{{|t|255981|}}>  Toubleshooting production fctTrans table
23379591,821889,2020-08-26T00:58:14.649,2020-08-26T01:10:19.443,0 days 00:12:04.794000,<{{|t|255982|}}>   <{{|t|255981|}}>  updating activity load to use new facility mappings
23407444,821889,2020-08-26T13:20:41.941,2020-08-26T13:36:03.528,0 days 00:15:21.587000,<{{|t|256027|}}>  <{{|t|255981|}}>  PBE report validation against production database
23427653,821889,2020-08-26T18:25:54.346,2020-08-26T19:06:00.857,0 days 00:40:06.511000,<{{|t|255982|}}>  <{{|t|255981|}}>  mappings for facilities and MedOnc research
23481866,821889,2020-08-27T17:04:26.623,2020-08-27T18:06:58.035,0 days 01:02:31.412000,<{{|t|255982|}}> <{{|t|255981|}}> working on facility mappings and research MedOnc
23622820,821889,2020-08-31T20:21:51.516,2020-08-31T21:28:36.988,0 days 01:06:45.472000,<{{|t|256027|}}>  <{{|t|255981|}}>  PBE dashboard changes
23629472,821889,2020-08-31T23:53:22.231,2020-09-01T00:25:32.722,0 days 00:32:10.491000,<{{|t|256027|}}>  <{{|t|255981|}}>  PBE Dashboard changes
23630431,821889,2020-09-01T00:44:49.342,2020-09-01T01:38:32.246,0 days 00:53:42.904000,dashboard development <{{|t|256027|}}>  <{{|t|255981|}}>
23695436,821889,2020-09-02T01:14:10.238,2020-09-02T01:30:40.157,0 days 00:16:29.919000,<{{|t|255982|}}>  <{{|t|255981|}}>  MedOnc mappings
23695765,821889,2020-09-02T01:44:27.769,2020-09-02T02:31:13.441,0 days 00:46:45.672000,<{{|t|255982|}}>  <{{|t|255981|}}>  MedOnc Mappings
23696758,821889,2020-09-02T04:01:29.519,2020-09-02T04:18:23.675,0 days 00:16:54.156000,<{{|t|255982|}}>  <{{|t|255981|}}>  Facility dim development
23726246,821889,2020-09-02T13:36:16.002,2020-09-02T14:25:00.871,0 days 00:48:44.869000,<{{|t|256027|}}>  <{{|t|255981|}}>  PBE dashboard development
23731312,821889,2020-09-02T14:34:41.235,2020-09-02T15:05:13.291,0 days 00:30:32.056000,<{{|t|256027|}}>  <{{|t|255981|}}>  PBE sales
23734025,821889,2020-09-02T15:07:07.169,2020-09-02T15:29:40.983,0 days 00:22:33.814000,<{{|t|255982|}}>  <{{|t|255981|}}>  Facility mappings
23738149,821889,2020-09-02T16:01:47.377,2020-09-02T16:14:34.878,0 days 00:12:47.501000,<{{|t|255982|}}>  <{{|t|255981|}}>  Facility mappings
23740371,821889,2020-09-02T16:37:10.841,2020-09-02T17:15:07.266,0 days 00:37:56.425000,<{{|t|255982|}}>  <{{|t|255981|}}>  Facility mappings
23749162,821889,2020-09-02T19:22:02.411,2020-09-02T19:57:40.514,0 days 00:35:38.103000,<{{|t|255982|}}>  <{{|t|255981|}}>  MedOnc data
23752784,821889,2020-09-02T20:44:33.237,2020-09-02T21:25:29.725,0 days 00:40:56.488000,<{{|t|255982|}}>  <{{|t|255981|}}>  MedOnc data
23754638,821889,2020-09-02T21:34:32.277,2020-09-02T21:45:15.506,0 days 00:10:43.229000,<{{|t|255982|}}>  <{{|t|255981|}}>  New starts development
23755331,821889,2020-09-02T21:58:42.344,2020-09-02T22:25:49.192,0 days 00:27:06.848000,<{{|t|255982|}}>  <{{|t|255981|}}>  New starts
23791699,821889,2020-09-03T14:19:40.957,2020-09-03T14:24:38.253,0 days 00:04:57.296000,<{{|t|256027|}}>  <{{|t|255981|}}>  Fixing error in dashboard
23864432,821889,2020-09-04T20:05:15.559,2020-09-04T21:15:36.511,0 days 01:10:20.952000,<{{|t|255981|}}>  <{{|t|256027|}}>  PBE dashboard development
23866523,821889,2020-09-04T21:26:46.848,2020-09-04T21:44:10.880,0 days 00:17:24.032000,<{{|t|255982|}}>  <{{|t|255981|}}>  new starts counts for Ryan
23966492,821889,2020-09-08T14:12:26.135,2020-09-08T15:10:20.097,0 days 00:57:53.962000,<{{|t|256027|}}>  <{{|t|255981|}}>  Microban report bug fix
23971733,821889,2020-09-08T15:15:05.136,2020-09-08T16:27:23.060,0 days 01:12:17.924000,<{{|t|256027|}}>  <{{|t|255981|}}>  Microban report bug fix
23980581,821889,2020-09-08T17:01:13.616,2020-09-08T17:28:49.316,0 days 00:27:35.700000,<{{|t|256027|}}>  <{{|t|255981|}}>  Microban report bug fix
23983346,821889,2020-09-08T18:15:12.025,2020-09-08T18:27:29.362,0 days 00:12:17.337000,<{{|t|255982|}}>  <{{|t|255981|}}>  Adding new service line mappings
24085852,821889,2020-09-10T00:00:00.000,2020-09-10T02:00:00.000,0 days 02:00:00,<{{|t|268375|}}>  personal project development
24264359,821889,2020-09-15T00:37:08.986,2020-09-15T01:06:32.752,0 days 00:29:23.766000,<{{|t|255982|}}>  <{{|t|255981|}}>  dashboard change development
24309010,821889,2020-09-15T15:47:54.764,2020-09-15T16:23:36.660,0 days 00:35:41.896000,<{{|t|255982|}}>  <{{|t|255981|}}>  Dashboard changes
24312986,821889,2020-09-15T16:49:32.436,2020-09-15T18:56:33.366,0 days 02:07:00.930000,<{{|t|255982|}}>  <{{|t|255981|}}>  Dashboard changes
24372278,821889,2020-09-16T15:10:56.128,2020-09-16T16:15:03.165,0 days 01:04:07.037000,<{{|t|255982|}}>  <{{|t|255981|}}>  dashboard changes
24384577,821889,2020-09-16T18:26:07.562,2020-09-16T18:39:48.745,0 days 00:13:41.183000,<{{|t|255982|}}>  <{{|t|255981|}}>  ETL development
24386316,821889,2020-09-16T19:01:23.412,2020-09-16T20:35:12.088,0 days 01:33:48.676000,<{{|t|255982|}}>  <{{|t|255981|}}>  ETL and dashboard development
24391443,821889,2020-09-16T20:51:10.755,2020-09-16T22:13:12.318,0 days 01:22:01.563000,<{{|t|255982|}}>  <{{|t|255981|}}>  ETL development and Power BI
24395122,821889,2020-09-16T22:34:25.222,2020-09-16T22:49:29.477,0 days 00:15:04.255000,<{{|t|255982|}}>  <{{|t|255981|}}>  ETL work
24438325,821889,2020-09-17T15:30:59.787,2020-09-17T16:10:19.125,0 days 00:39:19.338000,<{{|t|255982|}}>  <{{|t|255981|}}>  Dashboard changes
24451523,821889,2020-09-17T19:25:35.297,2020-09-17T19:53:05.609,0 days 00:27:30.312000,<{{|t|255982|}}>  <{{|t|255981|}}>  dashboard changes
24728519,821889,2020-09-23T18:58:35.664,2020-09-23T19:34:02.061,0 days 00:35:26.397000,<{{|t|255981|}}>  <{{|t|256027|}}>  planning report changes
24787492,821889,2020-09-24T16:52:45.822,2020-09-24T17:56:34.337,0 days 01:03:48.515000,<{{|t|256027|}}>  <{{|t|255981|}}>  Planning report changes
24945863,821889,2020-09-28T20:48:00.673,2020-09-28T22:20:43.505,0 days 01:32:42.832000,<{{|t|255982|}}>  <{{|t|255981|}}>  dashboard changes
24952939,821889,2020-09-29T01:11:33.559,2020-09-29T02:25:48.041,0 days 01:14:14.482000,<{{|t|255982|}}>  <{{|t|255981|}}>  dashboard changes
24986518,821889,2020-09-29T13:26:50.036,2020-09-29T14:33:57.023,0 days 01:07:06.987000,<{{|t|255982|}}>  <{{|t|255981|}}>  dashboard changes
24995188,821889,2020-09-29T15:20:08.112,2020-09-29T15:56:48.173,0 days 00:36:40.061000,<{{|t|255982|}}>  <{{|t|255981|}}>  Dashboard changes
25004183,821889,2020-09-29T17:28:50.954,2020-09-29T20:35:00.653,0 days 03:06:09.699000,<{{|t|255982|}}>  <{{|t|255981|}}>   dashboard changes
25018009,821889,2020-09-29T21:45:44.801,2020-09-29T22:20:13.321,0 days 00:34:28.520000,<{{|t|255982|}}>  <{{|t|255981|}}>  Dashboard changes
25058371,821889,2020-09-30T13:06:19.974,2020-09-30T13:50:35.822,0 days 00:44:15.848000,<{{|t|255982|}}>  <{{|t|255981|}}>  ETL development
25074775,821889,2020-09-30T16:00:00.000,2020-09-30T17:10:00.000,0 days 01:10:00,<{{|t|255982|}}>  <{{|t|255981|}}>  setting up ETL pipeline
25076104,821889,2020-09-30T18:36:30.032,2020-09-30T19:30:11.633,0 days 00:53:41.601000,<{{|t|255982|}}>  <{{|t|255981|}}>  ETL work for daily summary
25082566,821889,2020-09-30T20:44:14.659,2020-09-30T21:27:29.781,0 days 00:43:15.122000,<{{|t|255982|}}>  <{{|t|255981|}}>  Dashboard changes
25136658,821889,2020-10-01T16:23:08.230,2020-10-01T17:32:05.222,0 days 01:08:56.992000,<{{|t|255982|}}>  <{{|t|255981|}}>  dashboard changes
25145631,821889,2020-10-01T18:59:16.230,2020-10-01T19:19:26.464,0 days 00:20:10.234000,<{{|t|255982|}}>  <{{|t|255981|}}>  dashboard changes
25358760,821889,2020-10-06T15:32:20.351,2020-10-06T16:06:56.767,0 days 00:34:36.416000,<{{|t|255982|}}>  <{{|t|255981|}}>  Creating new model metrics/changes
25368751,821889,2020-10-06T18:00:07.082,2020-10-06T20:19:56.312,0 days 02:19:49.230000,<{{|t|274493|}}> <{{|t|255981|}}> access troubleshooting and GW collections discovery
25445398,821889,2020-10-07T19:55:15.363,2020-10-07T20:37:05.790,0 days 00:41:50.427000,<{{|t|256027|}}> <{{|t|255981|}}> publishing planning report
25483783,821889,2020-10-08T12:23:34.402,2020-10-08T13:25:24.310,0 days 01:01:49.908000,<{{|t|256027|}}>  <{{|t|255981|}}>  planning report deployment
25494033,821889,2020-10-08T14:23:23.637,2020-10-08T15:01:30.051,0 days 00:38:06.414000,<{{|t|274493|}}>  <{{|t|255981|}}>  building GW payments ETL
25504957,821889,2020-10-08T16:30:25.672,2020-10-08T16:58:39.268,0 days 00:28:13.596000,<{{|t|274493|}}>  <{{|t|255981|}}>  GW charges ETL development
25505997,821889,2020-10-08T16:58:40.064,2020-10-08T17:31:15.866,0 days 00:32:35.802000,<{{|t|274493|}}>  <{{|t|255981|}}>  GW collections ETL development
25555223,821889,2020-10-09T13:43:00.954,2020-10-09T13:59:56.331,0 days 00:16:55.377000,<{{|t|274493|}}>  <{{|t|255981|}}>  User access troubleshooting
25560403,821889,2020-10-09T14:52:17.929,2020-10-09T15:23:35.921,0 days 00:31:17.992000,<{{|t|274493|}}>  <{{|t|255981|}}>  User access configuration documentation and pipeline fix
25563257,821889,2020-10-09T15:31:25.130,2020-10-09T15:41:57.869,0 days 00:10:32.739000,<{{|t|274493|}}>  <{{|t|255981|}}>  User access configuration
25572323,821889,2020-10-09T18:31:54.291,2020-10-09T19:25:13.089,0 days 00:53:18.798000,<{{|t|274493|}}>  <{{|t|255981|}}>  User access configuration
25575266,821889,2020-10-09T19:42:42.148,2020-10-09T22:42:27.499,0 days 02:59:45.351000,<{{|t|274493|}}> <{{|t|255981|}}> Greenway collections ETL dev
25670953,821889,2020-10-12T20:59:01.468,2020-10-12T21:36:02.934,0 days 00:37:01.466000,<{{|t|256027|}}>  <{{|t|255981|}}>  Planning report bug research
25739885,821889,2020-10-13T19:46:15.234,2020-10-13T20:22:44.014,0 days 00:36:28.780000,<{{|t|256027|}}>  <{{|t|255981|}}>  deploying planning report changes to production
25795105,821889,2020-10-14T15:16:09.834,2020-10-14T17:11:58.139,0 days 01:55:48.305000,<{{|t|255982|}}>  <{{|t|255981|}}>  Implementing new starts logic
25867310,821889,2020-10-15T15:51:15.708,2020-10-15T16:00:41.394,0 days 00:09:25.686000,<{{|t|256027|}}>  <{{|t|255981|}}>  TRA report bug
25868717,821889,2020-10-15T16:07:32.160,2020-10-15T17:32:15.016,0 days 01:24:42.856000,<{{|t|256027|}}>  <{{|t|255981|}}>  TRA revenue report bug fix
23307471,821887,2020-08-24T19:00:56.700,2020-08-24T19:48:12.545,0 days 00:47:15.845000,<{{|t|257562|}}>  homework
23314874,821887,2020-08-24T23:29:09.972,2020-08-25T00:03:46.078,0 days 00:34:36.106000,<{{|t|257562|}}> bonus assignment 1
23353280,821887,2020-08-25T14:45:48.042,2020-08-25T15:37:09.067,0 days 00:51:21.025000,<{{|t|256917|}}>  client meeting prep
23377877,821887,2020-08-25T23:07:07.304,2020-08-25T23:20:54.378,0 days 00:13:47.074000,<{{|t|257423|}}> homework
23489396,821887,2020-08-27T19:42:44.003,2020-08-27T19:59:51.380,0 days 00:17:07.377000,<{{|t|257933|}}> in class assignment 1
23593613,821887,2020-08-28T17:00:00.000,2020-08-28T18:00:00.000,0 days 01:00:00,<{{|t|256917|}}>  Azure DevOps setup
23593569,821887,2020-08-30T20:30:00.000,2020-08-30T21:00:00.000,0 days 00:30:00,<{{|t|257562|}}>  bonus assignment 2
23602604,821887,2020-08-31T14:51:14.938,2020-08-31T15:10:44.096,0 days 00:19:29.158000,<{{|t|256917|}}>  sending out project invites and setting up project plan
23617791,821887,2020-08-31T18:41:32.155,2020-08-31T19:15:47.879,0 days 00:34:15.724000,<{{|t|257562|}}>  bonus 3
23621455,821887,2020-08-31T19:55:12.990,2020-08-31T20:19:41.309,0 days 00:24:28.319000,<{{|t|257562|}}>  bonus 3
23625841,821887,2020-08-31T21:30:00.662,2020-08-31T22:10:34.350,0 days 00:40:33.688000,<{{|t|257562|}}>  bonus 3
23629112,821887,2020-08-31T23:15:47.095,2020-08-31T23:38:36.226,0 days 00:22:49.131000,<{{|t|257562|}}>  bonus 3
23687201,821887,2020-09-01T19:53:34.418,2020-09-01T20:24:16.169,0 days 00:30:41.751000,<{{|t|256917|}}>  project management work
23758427,821887,2020-09-03T00:59:45.077,2020-09-03T01:30:03.598,0 days 00:30:18.521000,<{{|t|256917|}}>  project work
23797163,821887,2020-09-03T15:28:56.049,2020-09-03T15:57:11.092,0 days 00:28:15.043000,<{{|t|256917|}}>  project work
23986626,821887,2020-09-08T19:16:37.760,2020-09-08T19:55:35.456,0 days 00:38:57.696000,<{{|t|257423|}}>  homework 3
23998402,821887,2020-09-08T23:30:00.000,2020-09-09T01:00:00.000,0 days 01:30:00,<{{|t|256917|}}>  project work
24251003,821887,2020-09-14T18:35:54.885,2020-09-14T18:47:16.843,0 days 00:11:21.958000,<{{|t|257423|}}>  homework 3
24251675,821887,2020-09-14T18:47:18.217,2020-09-14T19:31:46.262,0 days 00:44:28.045000,<{{|t|257562|}}>  bonus 6
24306382,821887,2020-09-15T15:11:37.419,2020-09-15T15:33:36.158,0 days 00:21:58.739000,<{{|t|257562|}}>  project
24327886,821887,2020-09-15T21:44:15.673,2020-09-15T22:13:11.946,0 days 00:28:56.273000,<{{|t|256917|}}>  project work
24328830,821887,2020-09-15T22:13:12.958,2020-09-15T23:20:04.218,0 days 01:06:51.260000,<{{|t|257933|}}>  in class gradeable
24364810,821887,2020-09-16T13:38:48.466,2020-09-16T13:49:13.370,0 days 00:10:24.904000,<{{|t|256917|}}>  project work
24604406,821887,2020-09-22T00:33:24.303,2020-09-22T02:34:15.747,0 days 02:00:51.444000,<{{|t|274570|}}>  training
25074759,821887,2020-09-30T15:05:05.694,2020-09-30T16:00:00.000,0 days 00:54:54.306000,<{{|t|257423|}}>
25302127,821887,2020-10-05T19:55:26.399,2020-10-05T20:30:03.021,0 days 00:34:36.622000,<{{|t|257562|}}> group project 2 work
25311122,821887,2020-10-06T00:01:48.175,2020-10-06T01:06:07.122,0 days 01:04:18.947000,<{{|t|256917|}}> AETC work
25385557,821887,2020-10-07T02:56:53.510,2020-10-07T03:30:53.510,0 days 00:34:00,<{{|t|256917|}}> project work
23030824,821886,2020-08-18T12:07:18.283,2020-08-18T13:39:26.539,0 days 01:32:08.256000,High performance teams workshop <{{|t|256917|}}>
23038443,821886,2020-08-18T13:56:08.913,2020-08-18T16:18:56.366,0 days 02:22:47.453000,High performance teams workshop <{{|t|256917|}}>
23050677,821886,2020-08-18T16:43:21.225,2020-08-18T17:27:57.736,0 days 00:44:36.511000,Project manager training  <{{|t|256917|}}>
23053543,821886,2020-08-18T17:35:44.622,2020-08-18T20:57:23.888,0 days 03:21:39.266000,High performance teams workshop <{{|t|256917|}}>
23097653,821886,2020-08-19T13:47:03.016,2020-08-19T15:06:38.350,0 days 01:19:35.334000,<{{|t|257423|}}>
23111643,821886,2020-08-19T17:15:24.011,2020-08-19T17:40:39.167,0 days 00:25:15.156000,<{{|t|257562|}}>
23148577,821886,2020-08-20T12:07:52.264,2020-08-20T13:27:08.781,0 days 01:19:16.517000,<{{|t|257933|}}>
23177579,821886,2020-08-20T20:28:40.786,2020-08-20T21:39:33.158,0 days 01:10:52.372000,<{{|t|256917|}}>
23285095,821886,2020-08-24T13:59:59.668,2020-08-24T15:06:25.582,0 days 01:06:25.914000,<{{|t|257423|}}>
23299235,821886,2020-08-24T17:09:55.615,2020-08-24T18:15:59.672,0 days 01:06:04.057000,<{{|t|257562|}}>
23342090,821886,2020-08-25T12:10:50.406,2020-08-25T13:27:07.930,0 days 01:16:17.524000,<{{|t|257933|}}>
23409399,821886,2020-08-26T13:48:15.873,2020-08-26T14:52:06.350,0 days 01:03:50.477000,<{{|t|257423|}}>
23423857,821886,2020-08-26T17:10:02.378,2020-08-26T18:25:54.039,0 days 01:15:51.661000,<{{|t|257562|}}>
23462857,821886,2020-08-27T12:26:05.069,2020-08-27T13:34:12.072,0 days 01:08:07.003000,<{{|t|257933|}}>
23598220,821886,2020-08-31T13:50:24.758,2020-08-31T14:51:14.938,0 days 01:00:50.180000,<{{|t|257423|}}>
23613210,821886,2020-08-31T17:10:46.980,2020-08-31T18:40:15.022,0 days 01:29:28.042000,<{{|t|257562|}}>
23730452,821886,2020-09-02T14:25:03.757,2020-09-02T14:34:40.096,0 days 00:09:36.339000,<{{|t|257423|}}> Distracted doing LBMC work during class
23742426,821886,2020-09-02T17:15:07.266,2020-09-02T18:27:12.461,0 days 01:12:05.195000,<{{|t|257562|}}>
23782783,821886,2020-09-03T12:18:10.588,2020-09-03T13:50:19.161,0 days 01:32:08.573000,<{{|t|257933|}}>
23813318,821886,2020-09-03T20:30:14.835,2020-09-03T21:43:26.036,0 days 01:13:11.201000,<{{|t|256917|}}>
23962396,821886,2020-09-08T12:10:15.443,2020-09-08T13:25:16.162,0 days 01:15:00.719000,<{{|t|257933|}}>
24030579,821886,2020-09-09T13:52:58.703,2020-09-09T14:52:02.832,0 days 00:59:04.129000,<{{|t|257423|}}>
24045148,821886,2020-09-09T17:10:55.644,2020-09-09T18:25:50.876,0 days 01:14:55.232000,<{{|t|257562|}}>
24085792,821886,2020-09-10T12:13:25.044,2020-09-10T13:30:48.302,0 days 01:17:23.258000,<{{|t|257933|}}>
24246812,821886,2020-09-14T12:50:00.000,2020-09-14T14:05:00.000,0 days 01:15:00,<{{|t|257423|}}>
24246847,821886,2020-09-14T17:10:00.000,2020-09-14T18:25:00.000,0 days 01:15:00,<{{|t|257562|}}>
24291749,821886,2020-09-15T12:17:26.721,2020-09-15T13:43:16.710,0 days 01:25:49.989000,<{{|t|257933|}}>
24365687,821886,2020-09-16T13:49:13.951,2020-09-16T15:10:55.516,0 days 01:21:41.565000,<{{|t|257423|}}>
24380732,821886,2020-09-16T17:15:07.149,2020-09-16T18:26:06.774,0 days 01:10:59.625000,<{{|t|257562|}}>
24422167,821886,2020-09-17T12:18:20.440,2020-09-17T13:46:26.966,0 days 01:28:06.526000,<{{|t|257933|}}>
24454573,821886,2020-09-17T20:34:12.950,2020-09-17T21:46:36.934,0 days 01:12:23.984000,<{{|t|256917|}}>
24570024,821886,2020-09-21T13:50:19.266,2020-09-21T15:00:52.749,0 days 01:10:33.483000,<{{|t|257423|}}>
24586274,821886,2020-09-21T17:12:35.922,2020-09-21T18:33:29.253,0 days 01:20:53.331000,<{{|t|257562|}}> quiz
24634215,821886,2020-09-22T12:10:34.529,2020-09-22T13:27:53.244,0 days 01:17:18.715000,<{{|t|257933|}}>
24708057,821886,2020-09-23T13:50:30.198,2020-09-23T15:00:44.455,0 days 01:10:14.257000,<{{|t|257423|}}>
24722572,821886,2020-09-23T17:16:12.287,2020-09-23T18:25:15.339,0 days 01:09:03.052000,<{{|t|257562|}}>
24769136,821886,2020-09-24T12:10:00.000,2020-09-24T13:25:00.000,0 days 01:15:00,<{{|t|257933|}}>
24798834,821886,2020-09-24T20:32:06.284,2020-09-24T22:00:20.652,0 days 01:28:14.368000,<{{|t|256917|}}>
24923686,821886,2020-09-28T13:50:25.661,2020-09-28T15:00:02.112,0 days 01:09:36.451000,<{{|t|257423|}}>
24936320,821886,2020-09-28T17:10:14.041,2020-09-28T18:30:01.281,0 days 01:19:47.240000,<{{|t|257562|}}>
24981486,821886,2020-09-29T12:10:00.056,2020-09-29T13:25:41.437,0 days 01:15:41.381000,<{{|t|257933|}}>
25062740,821886,2020-09-30T13:50:35.822,2020-09-30T15:05:05.694,0 days 01:14:29.872000,<{{|t|257423|}}>
25074810,821886,2020-09-30T17:10:00.000,2020-09-30T18:25:00.000,0 days 01:15:00,<{{|t|257562|}}>
25150491,821886,2020-10-01T20:34:03.683,2020-10-01T21:51:05.657,0 days 01:17:01.974000,<{{|t|256917|}}>
25275844,821886,2020-10-05T13:59:45.688,2020-10-05T15:00:22.408,0 days 01:00:36.720000,<{{|t|257423|}}>
25296030,821886,2020-10-05T18:05:35.154,2020-10-05T18:24:49.761,0 days 00:19:14.607000,<{{|t|257562|}}>
25341637,821886,2020-10-06T12:10:32.563,2020-10-06T13:29:55.508,0 days 01:19:22.945000,<{{|t|257933|}}>
25419532,821886,2020-10-07T13:44:48.293,2020-10-07T15:08:27.400,0 days 01:23:39.107000,<{{|t|257423|}}>  <{{|t|255734|}}>
25436653,821886,2020-10-07T17:13:13.707,2020-10-07T18:05:03.345,0 days 00:51:49.638000,<{{|t|257562|}}>
25483496,821886,2020-10-08T12:18:52.207,2020-10-08T12:23:33.777,0 days 00:04:41.570000,<{{|t|257933|}}>  busy working; didn't pay attention
25642476,821886,2020-10-12T13:46:52.778,2020-10-12T15:08:35.687,0 days 01:21:42.909000,<{{|t|257423|}}>
25659145,821886,2020-10-12T17:06:09.912,2020-10-12T18:21:04.829,0 days 01:14:54.917000,<{{|t|257562|}}>
25705859,821886,2020-10-13T12:09:45.957,2020-10-13T13:11:53.967,0 days 01:02:08.010000,<{{|t|257933|}}>
25710987,821886,2020-10-13T13:11:55.004,2020-10-13T13:26:12.618,0 days 00:14:17.614000,<{{|t|257933|}}>
25786665,821886,2020-10-14T13:49:07.228,2020-10-14T15:09:15.165,0 days 01:20:07.937000,<{{|t|257423|}}>  <{{|t|255734|}}>
25848717,821886,2020-10-15T12:12:07.526,2020-10-15T13:27:41.370,0 days 01:15:33.844000,<{{|t|257933|}}>  <{{|t|255734|}}>
25884430,821886,2020-10-15T20:56:01.520,2020-10-15T21:44:27.839,0 days 00:48:26.319000,<{{|t|256917|}}>  <{{|t|255734|}}>
22944683,821885,2020-08-17T00:29:46.865,2020-08-17T00:56:18.079,0 days 00:26:31.214000,Executing NDAs for capstone project <{{|t|255734|}}>
23007797,821885,2020-08-18T01:58:42.933,2020-08-18T02:05:16.500,0 days 00:06:33.567000,Updating cards <{{|t|256026|}}>
23008239,821885,2020-08-18T02:54:55.342,2020-08-18T03:02:26.479,0 days 00:07:31.137000,Imputting time and organizing cards
23126028,821885,2020-08-20T00:02:11.915,2020-08-20T00:15:28.841,0 days 00:13:16.926000,Entering time <{{|t|256026|}}>
23252835,821885,2020-08-24T02:14:22.982,2020-08-24T02:24:17.060,0 days 00:09:54.078000,Checkimg emails <{{|t|256026|}}>
23310132,821885,2020-08-24T20:44:16.795,2020-08-24T20:51:46.858,0 days 00:07:30.063000,Scheduling meetings and inputting time
23485204,821885,2020-08-27T18:15:01.100,2020-08-27T18:39:08.756,0 days 00:24:07.656000,Updating dev ops cards <{{|t|256026|}}>
23696150,821885,2020-09-02T02:32:18.558,2020-09-02T04:01:29.519,0 days 01:29:10.961000,<{{|t|256026|}}>  security training
23799279,821885,2020-09-03T16:00:02.951,2020-09-03T17:04:33.177,0 days 01:04:30.226000,<{{|t|256026|}}>  compliance training
24106907,821885,2020-09-10T15:30:00.000,2020-09-10T16:45:00.000,0 days 01:15:00,<{{|t|256026|}}>  taking DA 100 exam
24461499,821885,2020-09-18T01:27:27.431,2020-09-18T01:36:16.169,0 days 00:08:48.738000,<{{|t|256026|}}>  setting up Maconomy
24848688,821885,2020-09-25T17:22:28.329,2020-09-25T17:31:06.448,0 days 00:08:38.119000,<{{|t|256026|}}>  setting up LastPass
25274385,821885,2020-10-05T13:45:07.504,2020-10-05T13:59:45.098,0 days 00:14:37.594000,Checking emails
25312209,821885,2020-10-06T01:09:37.703,2020-10-06T01:40:32.193,0 days 00:30:54.490000,<{{|t|255981|}}>  updating cards and sending emails; split time between clients <{{|t|274493|}}>  <{{|t|256027|}}>  <{{|t|255982|}}>
25451239,821885,2020-10-07T21:55:04.896,2020-10-07T22:05:00.698,0 days 00:09:55.802000,<{{|t|255981|}}> cleaning up cards for sprint planning <{{|t|256027|}}>
22972656,821884,2020-08-17T13:15:25.083,2020-08-17T13:24:15.112,0 days 00:08:50.029000,Morning standup  <{{|t|256026|}}>
22982002,821884,2020-08-17T14:59:49.996,2020-08-17T15:31:40.684,0 days 00:31:50.688000,Sprint retrospecive <{{|t|256026|}}>
22996316,821884,2020-08-17T19:00:34.715,2020-08-17T19:51:16.406,0 days 00:50:41.691000,Barr PBE review meeting <{{|t|256027|}}>  <{{|t|255981|}}>
23095170,821884,2020-08-19T13:12:36.074,2020-08-19T13:24:16.480,0 days 00:11:40.406000,Morning standup <{{|t|256026|}}>
23115185,821884,2020-08-19T18:30:11.699,2020-08-19T19:13:00.324,0 days 00:42:48.625000,Discussing ION mappings with Mike <{{|t|255982|}}>  <{{|t|255981|}}>
23162612,821884,2020-08-20T15:27:34.984,2020-08-20T16:28:17.825,0 days 01:00:42.841000,Discussing ION facility mappings with Ryan and Mike <{{|t|255982|}}>  <{{|t|255981|}}>
23173884,821884,2020-08-20T19:05:19.573,2020-08-20T19:24:01.343,0 days 00:18:41.770000,PBE Barr status meeting <{{|t|256027|}}>  <{{|t|255981|}}>
23281062,821884,2020-08-24T13:12:17.873,2020-08-24T13:24:51.023,0 days 00:12:33.150000,Morning standup <{{|t|256026|}}>
23308066,821884,2020-08-24T19:59:57.515,2020-08-24T20:44:16.068,0 days 00:44:18.553000,1 on 1 with Mike <{{|t|256026|}}>
23358484,821884,2020-08-25T15:56:54.814,2020-08-25T16:48:09.799,0 days 00:51:14.985000,<{{|t|255982|}}>  <{{|t|255981|}}>  discussing facility mappings and missing data
23365782,821884,2020-08-25T18:00:13.253,2020-08-25T18:39:52.125,0 days 00:39:38.872000,<{{|t|256027|}}>  <{{|t|255981|}}>  PBE dashboard review meeting with Mike
23372843,821884,2020-08-25T20:28:30.455,2020-08-25T21:33:21.862,0 days 01:04:51.407000,<{{|t|256917|}}>  class meeting
23406837,821884,2020-08-26T13:12:44.747,2020-08-26T13:20:41.059,0 days 00:07:56.312000,<{{|t|256026|}}>  morning standup
23469810,821884,2020-08-27T14:01:43.212,2020-08-27T15:00:36.006,0 days 00:58:52.794000,<{{|t|256026|}}> sprint planning meeting
23474182,821884,2020-08-27T15:00:37.381,2020-08-27T15:46:44.474,0 days 00:46:07.093000,<{{|t|255981|}}> <{{|t|255982|}}> meeting about activities
23488620,821884,2020-08-27T19:00:07.000,2020-08-27T19:31:33.220,0 days 00:31:26.220000,<{{|t|256027|}}> <{{|t|255981|}}> PBE dashboard meeting
23530957,821884,2020-08-28T13:00:05.589,2020-08-28T15:45:23.845,0 days 02:45:18.256000,<{{|t|256917|}}>  project kickoff meeting
23594561,821884,2020-08-31T13:14:02.329,2020-08-31T13:28:01.680,0 days 00:13:59.351000,<{{|t|256026|}}>  morning standup
23665577,821884,2020-09-01T14:05:21.935,2020-09-01T15:13:34.079,0 days 01:08:12.144000,<{{|t|256027|}}> <{{|t|255981|}}> client handoff meeting
23681413,821884,2020-09-01T17:59:36.234,2020-09-01T18:30:27.352,0 days 00:30:51.118000,<{{|t|256026|}}> sprint retrospective
23686753,821884,2020-09-01T18:30:27.352,2020-09-01T19:50:00.000,0 days 01:19:32.648000,Walking through PBE Barr report with Carlos
23724095,821884,2020-09-01T21:30:00.000,2020-09-01T22:50:00.000,0 days 01:20:00,<{{|t|256917|}}>  team meeting
23724448,821884,2020-09-02T13:15:41.488,2020-09-02T13:36:10.491,0 days 00:20:29.003000,<{{|t|256026|}}>  morning standup
23735780,821884,2020-09-02T15:29:42.697,2020-09-02T16:01:45.995,0 days 00:32:03.298000,Career meeting with Pedro
23748291,821884,2020-09-02T19:04:00.758,2020-09-02T19:22:00.769,0 days 00:18:00.011000,<{{|t|256027|}}>  <{{|t|255981|}}>  client hand off meeting
23750823,821884,2020-09-02T19:57:40.514,2020-09-02T20:44:33.237,0 days 00:46:52.723000,<{{|t|256917|}}>  team meeting
23791603,821884,2020-09-03T14:00:43.030,2020-09-03T14:18:18.948,0 days 00:17:35.918000,Chat with Carlos
23808822,821884,2020-09-03T19:02:23.303,2020-09-03T19:29:41.857,0 days 00:27:18.554000,<{{|t|256027|}}>  <{{|t|255981|}}>  PBE Report meeting
23810117,821884,2020-09-03T19:29:42.833,2020-09-03T20:30:04.818,0 days 01:00:21.985000,<{{|t|255982|}}>  <{{|t|255981|}}>  Meeting with Ryan
23864200,821884,2020-09-04T16:30:31.418,2020-09-04T17:30:44.706,0 days 01:00:13.288000,<{{|t|256917|}}>
23864253,821884,2020-09-04T19:00:00.000,2020-09-04T19:45:00.000,0 days 00:45:00,Chatting with Antone
23992164,821884,2020-09-08T20:30:28.779,2020-09-08T21:39:15.123,0 days 01:08:46.344000,<{{|t|256917|}}>  team meeting
24027538,821884,2020-09-09T13:15:52.740,2020-09-09T13:21:57.382,0 days 00:06:04.642000,<{{|t|256026|}}>  morning stand up
24036443,821884,2020-09-09T15:02:37.971,2020-09-09T15:30:17.750,0 days 00:27:39.779000,chatting with Carlos
24093776,821884,2020-09-10T14:00:18.528,2020-09-10T14:30:46.087,0 days 00:30:27.559000,<{{|t|256027|}}>  <{{|t|255981|}}>  sprint planning
24098772,821884,2020-09-10T14:30:46.087,2020-09-10T15:00:00.000,0 days 00:29:13.913000,<{{|t|255982|}}>  <{{|t|255981|}}>  sprint planning
24112387,821884,2020-09-10T19:00:01.915,2020-09-10T19:28:32.500,0 days 00:28:30.585000,<{{|t|256027|}}>  <{{|t|255981|}}>  PBE dashboard meeting
24168755,821884,2020-09-11T14:15:00.000,2020-09-11T14:30:00.000,0 days 00:15:00,<{{|t|256026|}}>  morning standup
24168761,821884,2020-09-11T16:30:00.000,2020-09-11T17:00:00.000,0 days 00:30:00,<{{|t|256917|}}>  meeting
24168792,821884,2020-09-11T18:00:00.000,2020-09-11T19:00:00.000,0 days 01:00:00,<{{|t|257562|}}>  project meeting
24168778,821884,2020-09-11T19:00:00.000,2020-09-11T19:30:00.000,0 days 00:30:00,<{{|t|256027|}}>  <{{|t|255981|}}>  power bi handoff with Paul
24254364,821884,2020-09-14T19:31:47.017,2020-09-14T22:28:48.215,0 days 02:57:01.198000,<{{|t|257562|}}>  group project meeting
24298985,821884,2020-09-15T13:46:38.325,2020-09-15T15:11:37.419,0 days 01:24:59.094000,<{{|t|256917|}}>  group project
24327885,821884,2020-09-15T20:30:00.000,2020-09-15T21:44:15.673,0 days 01:14:15.673000,<{{|t|256917|}}>  meeting
24331052,821884,2020-09-15T23:54:58.476,2020-09-16T01:18:41.845,0 days 01:23:43.369000,<{{|t|257562|}}>  group project
24363350,821884,2020-09-16T13:15:33.467,2020-09-16T13:23:54.821,0 days 00:08:21.354000,<{{|t|255982|}}>  <{{|t|255981|}}>  morning stand up
24429657,821884,2020-09-17T13:46:58.687,2020-09-17T15:05:15.313,0 days 01:18:16.626000,Panelist for MSBA internship program
24445511,821884,2020-09-17T17:29:52.408,2020-09-17T19:00:10.784,0 days 01:30:18.376000,<{{|t|255982|}}>  <{{|t|255981|}}>  Dashboard meeting with Paul and Mike
24453153,821884,2020-09-17T20:00:50.122,2020-09-17T20:34:12.191,0 days 00:33:22.069000,<{{|t|255982|}}>  <{{|t|255981|}}>  meeting with Ryan and team
24504870,821884,2020-09-18T15:30:00.000,2020-09-18T16:30:00.000,0 days 01:00:00,<{{|t|256917|}}>  meeting
24534979,821884,2020-09-18T18:02:21.699,2020-09-18T19:15:00.000,0 days 01:12:38.301000,<{{|t|256026|}}>  1 on 1 with Mike
24569177,821884,2020-09-21T13:30:39.671,2020-09-21T13:46:35.228,0 days 00:15:55.557000,<{{|t|274493|}}>  <{{|t|255981|}}>  morning standup
24637728,821884,2020-09-22T13:27:53.851,2020-09-22T13:52:06.463,0 days 00:24:12.612000,<{{|t|256026|}}>  morning standup
24650738,821884,2020-09-22T16:01:57.605,2020-09-22T16:20:53.444,0 days 00:18:55.839000,<{{|t|255982|}}>  <{{|t|255981|}}>  backlog refinement
24654337,821884,2020-09-22T16:59:10.533,2020-09-22T17:30:20.361,0 days 00:31:09.828000,<{{|t|256917|}}>
24665585,821884,2020-09-22T20:31:01.515,2020-09-22T21:28:45.169,0 days 00:57:43.654000,<{{|t|256917|}}>
24722809,821884,2020-09-23T16:01:00.000,2020-09-23T17:15:00.000,0 days 01:14:00,<{{|t|274493|}}>  <{{|t|255981|}}>  Meeting with Mark over GW charges
24833073,821884,2020-09-24T14:00:00.000,2020-09-24T15:00:00.000,0 days 01:00:00,<{{|t|256026|}}>  sprint planning meeting
24796231,821884,2020-09-24T19:34:01.526,2020-09-24T20:32:05.178,0 days 00:58:03.652000,<{{|t|255982|}}>  <{{|t|255981|}}>  weekly status meeting
24836516,821884,2020-09-25T14:03:26.664,2020-09-25T15:03:15.609,0 days 00:59:48.945000,<{{|t|274493|}}>  <{{|t|255981|}}>  Greenway charges
24842290,821884,2020-09-25T15:29:33.106,2020-09-25T16:29:26.989,0 days 00:59:53.883000,<{{|t|256917|}}>
24914646,821884,2020-09-28T13:15:47.019,2020-09-28T13:27:24.183,0 days 00:11:37.164000,<{{|t|256026|}}>  standup
24924837,821884,2020-09-28T15:00:13.819,2020-09-28T16:00:48.783,0 days 01:00:34.964000,<{{|t|255982|}}>  <{{|t|255981|}}>  Analysis services meeting with Spencer
24949798,821884,2020-09-28T22:30:36.311,2020-09-28T22:52:11.802,0 days 00:21:35.491000,Sigma Nu LEAD session
24991136,821884,2020-09-29T14:33:57.023,2020-09-29T15:20:08.112,0 days 00:46:11.089000,<{{|t|255982|}}>  <{{|t|255981|}}>  Aria mappings meeting
25003691,821884,2020-09-29T16:30:16.404,2020-09-29T17:00:37.667,0 days 00:30:21.263000,<{{|t|256026|}}>  1 on 1 with Mike
25014257,821884,2020-09-29T20:35:00.653,2020-09-29T21:35:37.639,0 days 01:00:36.986000,<{{|t|256917|}}>
25082525,821884,2020-09-30T19:30:11.633,2020-09-30T19:45:11.633,0 days 00:15:00,<{{|t|256026|}}>  1 on 1 with David
25130312,821884,2020-10-01T14:59:46.100,2020-10-01T15:31:10.199,0 days 00:31:24.099000,<{{|t|256027|}}>  <{{|t|255981|}}>  Lifecycle change meeting with Pierre
25135244,821884,2020-10-01T16:00:40.230,2020-10-01T16:10:49.026,0 days 00:10:08.796000,<{{|t|256026|}}>  offer questions with Ashley
25148036,821884,2020-10-01T19:44:33.023,2020-10-01T20:34:03.683,0 days 00:49:30.660000,<{{|t|255982|}}>  <{{|t|255981|}}> meeting with Ryan and Matt
25187441,821884,2020-10-02T13:20:15.752,2020-10-02T13:41:39.229,0 days 00:21:23.477000,Chatting with Carlos
25189727,821884,2020-10-02T14:00:55.873,2020-10-02T16:34:33.658,0 days 02:33:37.785000,<{{|t|256917|}}>  meeting
25206974,821884,2020-10-02T18:00:51.976,2020-10-02T19:14:02.857,0 days 01:13:10.881000,<{{|t|255982|}}>  <{{|t|255981|}}>  status meeting
25208763,821884,2020-10-02T20:03:15.269,2020-10-02T20:24:48.964,0 days 00:21:33.695000,<{{|t|256027|}}>  <{{|t|255981|}}>
25273316,821884,2020-10-05T13:34:08.555,2020-10-05T13:45:06.927,0 days 00:10:58.372000,<{{|t|255982|}}>  <{{|t|255981|}}>  morning standup meeting
25299300,821884,2020-10-05T19:02:35.353,2020-10-05T19:21:29.890,0 days 00:18:54.537000,<{{|t|274493|}}> <{{|t|255981|}}> greenway charges meeting with Mark and Skinner team
25303950,821884,2020-10-05T20:30:38.736,2020-10-05T22:08:36.058,0 days 01:37:57.322000,<{{|t|257562|}}> group project meeting
25347436,821884,2020-10-06T13:29:56.117,2020-10-06T13:40:50.587,0 days 00:10:54.470000,<{{|t|255981|}}> morning stand up <{{|t|274493|}}> <{{|t|255982|}}>
25353906,821884,2020-10-06T14:37:05.342,2020-10-06T15:24:26.385,0 days 00:47:21.043000,<{{|t|255982|}}>  <{{|t|255981|}}>  meeting with Ryan and team to prepare for demo
25361509,821884,2020-10-06T16:06:56.976,2020-10-06T17:30:48.113,0 days 01:23:51.137000,<{{|t|257562|}}>  group project meeting
25376356,821884,2020-10-06T20:19:56.621,2020-10-06T21:34:15.221,0 days 01:14:18.600000,<{{|t|256917|}}> project meeting
25418120,821884,2020-10-07T13:29:00.400,2020-10-07T13:44:47.612,0 days 00:15:47.212000,<{{|t|274493|}}>  <{{|t|255981|}}>  morning standup
25448558,821884,2020-10-07T20:59:44.124,2020-10-07T21:30:04.100,0 days 00:30:19.976000,<{{|t|256027|}}> <{{|t|255981|}}> planning report deployment issues; meeting with Paul
25485092,821884,2020-10-07T21:30:04.100,2020-10-07T21:55:04.896,0 days 00:25:00.796000,<{{|t|274493|}}>  <{{|t|255981|}}>  meeting with Paul on user access issues
25497496,821884,2020-10-08T15:01:30.694,2020-10-08T16:04:16.887,0 days 01:02:46.193000,"Sprint planning meeting, bill between <{{|t|255982|}}>  and <{{|t|256027|}}>  <{{|t|255981|}}>"
25554442,821884,2020-10-09T13:30:39.757,2020-10-09T13:43:00.954,0 days 00:12:21.197000,<{{|t|256026|}}>  Morning standup
25556534,821884,2020-10-09T13:59:56.331,2020-10-09T14:52:17.929,0 days 00:52:21.598000,<{{|t|255982|}}>  <{{|t|255981|}}>  Weekly status meeting; checking on ADF error and compiling meeting notes
25564121,821884,2020-10-09T15:45:04.566,2020-10-09T16:38:16.578,0 days 00:53:12.012000,<{{|t|256917|}}>  project meeting
25568674,821884,2020-10-09T17:08:23.331,2020-10-09T18:23:47.930,0 days 01:15:24.599000,<{{|t|257933|}}>  group project
25641086,821884,2020-10-12T13:31:41.272,2020-10-12T13:46:46.223,0 days 00:15:04.951000,Morning standup
25650181,821884,2020-10-12T15:08:36.298,2020-10-12T15:42:16.088,0 days 00:33:39.790000,<{{|t|256027|}}>  <{{|t|255982|}}>  <{{|t|274493|}}>  <{{|t|255981|}}>  Catch up meting with Mike; split between 3 clients
25653805,821884,2020-10-12T15:53:26.787,2020-10-12T16:46:39.858,0 days 00:53:13.071000,<{{|t|257933|}}>  group project meeting
25672427,821884,2020-10-12T21:36:03.876,2020-10-12T22:01:05.075,0 days 00:25:01.199000,<{{|t|274493|}}>  <{{|t|255981|}}>  Analysis services error review with Mike
25712337,821884,2020-10-13T13:26:13.358,2020-10-13T13:46:07.261,0 days 00:19:53.903000,Morning standup <{{|t|255981|}}>  <{{|t|256027|}}>
25786046,821884,2020-10-14T13:30:04.864,2020-10-14T13:49:06.917,0 days 00:19:02.053000,morning standup <{{|t|255982|}}>  <{{|t|255981|}}>
25818635,821884,2020-10-14T22:00:20.711,2020-10-14T22:38:09.956,0 days 00:37:49.245000,<{{|t|257933|}}>  group project
25854460,821884,2020-10-15T13:27:41.718,2020-10-15T13:48:25.467,0 days 00:20:43.749000,Morning standup <{{|t|255982|}}>  <{{|t|255981|}}>
25862520,821884,2020-10-15T14:57:15.822,2020-10-15T15:16:47.208,0 days 00:19:31.386000,<{{|t|256027|}}>  <{{|t|255981|}}>  TRA revenue report bug review with Pierre
25880248,821884,2020-10-15T18:50:21.792,2020-10-15T19:29:24.595,0 days 00:39:02.803000,<{{|t|256027|}}>  <{{|t|255981|}}>  TRA revenue report validation; Meeting with Mike
25880250,821884,2020-10-15T19:29:27.363,2020-10-15T20:23:22.316,0 days 00:53:54.953000,<{{|t|255982|}}>  <{{|t|255981|}}>  weekly status meeting
25922214,821884,2020-10-16T13:29:06.080,2020-10-16T13:39:06.080,0 days 00:10:00,Morning standup <{{|t|255982|}}>  <{{|t|255981|}}>
25931410,821884,2020-10-16T14:00:00.000,2020-10-16T14:30:00.000,0 days 00:30:00,<{{|t|256917|}}>  meeting
